doctor_id,department,specialization,experience_years
5000,General,General,8
5001,Neurology,Oncology,5
5002,Pediatrics,Oncology,29
5003,Cardiology,Oncology,15
5004,Neurology,Pediatrics,26
5005,Orthopedics,Cardiology,3
5006,Pediatrics,Orthopedics,34
5007,Cardiology,Oncology,6
5008,Cardiology,General,5
5009,Neurology,Cardiology,31
5010,Pediatrics,General,17
5011,Neurology,Orthopedics,24
5012,General,Pediatrics,29
5013,Neurology,Cardiology,17
5014,Orthopedics,Neurology,26
5015,Pediatrics,Pediatrics,1
5016,Orthopedics,General,5
5017,Neurology,Cardiology,24
5018,Cardiology,Oncology,1
5019,Oncology,General,36
5020,Pediatrics,Pediatrics,34
5021,Orthopedics,Neurology,10
5022,Oncology,Pediatrics,35
5023,Orthopedics,Pediatrics,19
5024,Pediatrics,Cardiology,4
5025,Cardiology,Oncology,1
5026,General,General,15
5027,General,Oncology,1
5028,Neurology,Neurology,27
5029,Cardiology,Orthopedics,22
5030,Neurology,Cardiology,31
5031,Cardiology,Oncology,17
5032,Cardiology,Oncology,21
5033,Pediatrics,Orthopedics,9
5034,Pediatrics,Cardiology,24
5035,Oncology,Orthopedics,28
5036,Cardiology,General,1
5037,Cardiology,Neurology,33
5038,Cardiology,Orthopedics,21
5039,Neurology,Cardiology,7
5040,Cardiology,Cardiology,33
5041,Oncology,Cardiology,14
5042,Neurology,Orthopedics,39
5043,Oncology,General,22
5044,Orthopedics,Orthopedics,28
5045,Neurology,Neurology,17
5046,Orthopedics,Pediatrics,22
5047,Oncology,Cardiology,10
5048,Orthopedics,Cardiology,1
5049,Orthopedics,Oncology,11
5050,Oncology,General,34
5051,Cardiology,Neurology,32
5052,General,Oncology,23
5053,Orthopedics,Orthopedics,17
5054,Oncology,Cardiology,14
5055,Pediatrics,Neurology,18
5056,Neurology,Orthopedics,6
5057,Cardiology,Orthopedics,18
5058,Pediatrics,Orthopedics,36
5059,Pediatrics,Orthopedics,3
5060,Cardiology,General,7
5061,Oncology,Oncology,30
5062,General,Cardiology,1
5063,General,General,29
5064,Cardiology,Orthopedics,18
5065,Cardiology,Orthopedics,15
5066,Orthopedics,Pediatrics,10
5067,Oncology,Cardiology,6
5068,Cardiology,Orthopedics,38
5069,Oncology,General,23
5070,Orthopedics,Cardiology,12
5071,Neurology,General,5
5072,Pediatrics,Neurology,4
5073,Cardiology,Orthopedics,22
5074,Cardiology,General,9
5075,Pediatrics,Pediatrics,9
5076,General,Orthopedics,26
5077,Neurology,General,19
5078,Neurology,Neurology,27
5079,Oncology,General,7
5080,General,General,38
5081,Pediatrics,General,20
5082,General,Oncology,30
5083,Pediatrics,Pediatrics,33
5084,Oncology,Neurology,20
5085,Cardiology,Oncology,32
5086,Neurology,Orthopedics,39
5087,Cardiology,Oncology,31
5088,Oncology,Neurology,5
5089,Orthopedics,Cardiology,9
5090,Cardiology,Cardiology,13
5091,Orthopedics,Oncology,24
5092,Neurology,Cardiology,13
5093,Oncology,Pediatrics,38
5094,Pediatrics,Orthopedics,37
5095,Oncology,Cardiology,39
5096,Neurology,Orthopedics,10
5097,Orthopedics,Cardiology,14
5098,General,Pediatrics,3
5099,Neurology,Oncology,21
5100,Oncology,Neurology,31
5101,Orthopedics,Orthopedics,34
5102,Neurology,Neurology,27
5103,Neurology,Oncology,29
5104,Pediatrics,Cardiology,26
5105,Neurology,Neurology,5
5106,General,Cardiology,26
5107,Cardiology,Pediatrics,32
5108,Pediatrics,Orthopedics,13
5109,Neurology,Neurology,31
5110,General,General,33
5111,Oncology,Cardiology,23
5112,Orthopedics,Pediatrics,34
5113,Pediatrics,Pediatrics,20
5114,General,Pediatrics,4
5115,Oncology,Oncology,2
5116,Pediatrics,Neurology,9
5117,Orthopedics,Cardiology,7
5118,Cardiology,Orthopedics,3
5119,General,Orthopedics,29
5120,Cardiology,Orthopedics,1
5121,Oncology,Orthopedics,10
5122,Pediatrics,Orthopedics,15
5123,Oncology,Neurology,6
5124,General,Pediatrics,3
5125,General,Pediatrics,29
5126,Cardiology,Neurology,29
5127,Cardiology,Orthopedics,10
5128,General,Orthopedics,2
5129,Orthopedics,Cardiology,19
5130,General,Pediatrics,3
5131,General,Orthopedics,21
5132,Neurology,Neurology,17
5133,Pediatrics,General,16
5134,Cardiology,Neurology,4
5135,Orthopedics,Orthopedics,23
5136,Orthopedics,Orthopedics,31
5137,Cardiology,Orthopedics,11
5138,Pediatrics,Pediatrics,6
5139,Orthopedics,Pediatrics,21
5140,Orthopedics,Neurology,1
5141,Neurology,Oncology,32
5142,Oncology,Neurology,3
5143,Orthopedics,Pediatrics,14
5144,Oncology,Pediatrics,4
5145,General,Neurology,28
5146,Pediatrics,General,1
5147,Orthopedics,Neurology,37
5148,Cardiology,Neurology,14
5149,Cardiology,Pediatrics,15
5150,Neurology,General,30
5151,Pediatrics,Oncology,12
5152,General,General,25
5153,Orthopedics,Neurology,8
5154,General,Neurology,8
5155,Cardiology,General,11
5156,Pediatrics,Cardiology,21
5157,Oncology,Oncology,30
5158,General,Cardiology,32
5159,Oncology,Cardiology,13
5160,General,Neurology,13
5161,Pediatrics,General,5
5162,Oncology,Pediatrics,24
5163,General,Neurology,1
5164,General,Orthopedics,18
5165,Pediatrics,General,5
5166,Pediatrics,Cardiology,28
5167,Pediatrics,Oncology,28
5168,Oncology,Neurology,18
5169,Pediatrics,Neurology,33
5170,Pediatrics,Cardiology,25
5171,Cardiology,Pediatrics,29
5172,Cardiology,General,26
5173,General,Oncology,37
5174,Pediatrics,General,14
5175,Neurology,Pediatrics,4
5176,Oncology,General,4
5177,Neurology,Oncology,33
5178,Orthopedics,Pediatrics,11
5179,Neurology,Orthopedics,38
5180,Pediatrics,Oncology,27
5181,Pediatrics,Neurology,25
5182,General,Oncology,32
5183,General,Neurology,25
5184,Oncology,General,37
5185,Cardiology,Orthopedics,11
5186,Oncology,Pediatrics,23
5187,Neurology,Cardiology,7
5188,Neurology,Oncology,22
5189,Cardiology,Orthopedics,27
5190,Pediatrics,Oncology,5
5191,Orthopedics,Neurology,34
5192,Oncology,Pediatrics,13
5193,Orthopedics,General,4
5194,General,Pediatrics,10
5195,Orthopedics,Oncology,1
5196,Orthopedics,General,34
5197,Orthopedics,Oncology,16
5198,Orthopedics,Pediatrics,36
5199,Neurology,Cardiology,29
5200,Orthopedics,Pediatrics,38
5201,Oncology,Pediatrics,31
5202,Orthopedics,Cardiology,24
5203,Orthopedics,Orthopedics,12
5204,Orthopedics,Orthopedics,4
5205,Pediatrics,Neurology,36
5206,Oncology,Cardiology,30
5207,Oncology,Orthopedics,9
5208,Oncology,Pediatrics,6
5209,Oncology,Orthopedics,38
5210,Oncology,Neurology,22
5211,General,Orthopedics,15
5212,Orthopedics,Cardiology,33
5213,General,General,7
5214,Oncology,Cardiology,6
5215,Oncology,General,23
5216,Cardiology,Neurology,28
5217,Cardiology,Pediatrics,1
5218,Neurology,Pediatrics,10
5219,Pediatrics,Oncology,6
5220,Cardiology,Neurology,15
5221,Neurology,General,9
5222,General,Neurology,6
5223,Orthopedics,Neurology,23
5224,Cardiology,Orthopedics,16
5225,Pediatrics,Cardiology,1
5226,Orthopedics,General,33
5227,Oncology,Orthopedics,17
5228,Pediatrics,General,35
5229,Oncology,Oncology,27
5230,Oncology,Oncology,17
5231,General,General,37
5232,General,Neurology,19
5233,General,Oncology,25
5234,General,Orthopedics,31
5235,Neurology,Cardiology,37
5236,Oncology,General,15
5237,Neurology,General,24
5238,Pediatrics,Cardiology,14
5239,Pediatrics,Cardiology,37
5240,Oncology,General,14
5241,Neurology,Oncology,15
5242,General,General,3
5243,Orthopedics,Oncology,10
5244,Oncology,Orthopedics,2
5245,General,Oncology,7
5246,Oncology,Pediatrics,7
5247,Neurology,Oncology,38
5248,Orthopedics,Orthopedics,2
5249,General,General,14
5250,Orthopedics,Orthopedics,21
5251,Neurology,Neurology,12
5252,Neurology,Orthopedics,25
5253,Neurology,Pediatrics,1
5254,Orthopedics,Neurology,27
5255,Orthopedics,Pediatrics,1
5256,Oncology,Neurology,22
5257,Neurology,Oncology,10
5258,Cardiology,Orthopedics,37
5259,Oncology,General,10
5260,Orthopedics,Neurology,30
5261,Neurology,Oncology,11
5262,Cardiology,Neurology,18
5263,General,Neurology,12
5264,Neurology,Oncology,25
5265,Oncology,General,35
5266,General,Orthopedics,4
5267,Neurology,Neurology,28
5268,General,Orthopedics,36
5269,Oncology,Pediatrics,32
5270,Orthopedics,Oncology,3
5271,Cardiology,Pediatrics,14
5272,Orthopedics,Neurology,27
5273,Orthopedics,Cardiology,32
5274,Pediatrics,Pediatrics,5
5275,Neurology,Cardiology,26
5276,Cardiology,Cardiology,4
5277,Pediatrics,Cardiology,18
5278,Cardiology,Orthopedics,10
5279,Neurology,Pediatrics,17
5280,Cardiology,Pediatrics,38
5281,Cardiology,Orthopedics,29
5282,Cardiology,Orthopedics,31
5283,Pediatrics,Cardiology,2
5284,Orthopedics,Oncology,1
5285,General,Neurology,31
5286,General,Oncology,8
5287,Neurology,Neurology,34
5288,General,Oncology,11
5289,General,Orthopedics,35
5290,Oncology,Oncology,28
5291,Pediatrics,General,35
5292,Oncology,Oncology,11
5293,Cardiology,Orthopedics,30
5294,Oncology,Cardiology,18
5295,Pediatrics,General,36
5296,General,Pediatrics,1
5297,Orthopedics,General,14
5298,Orthopedics,Cardiology,6
5299,Neurology,Oncology,37
5300,General,Cardiology,36
5301,Neurology,Neurology,10
5302,Neurology,Oncology,15
5303,Pediatrics,Orthopedics,34
5304,Neurology,Neurology,28
5305,Orthopedics,Pediatrics,9
5306,Cardiology,Pediatrics,36
5307,Pediatrics,Pediatrics,17
5308,Cardiology,Cardiology,2
5309,Orthopedics,Cardiology,23
5310,Cardiology,Orthopedics,14
5311,Neurology,Pediatrics,12
5312,General,Pediatrics,13
5313,Neurology,General,10
5314,Pediatrics,Pediatrics,31
5315,Cardiology,Cardiology,37
5316,Neurology,General,38
5317,General,Orthopedics,33
5318,General,Cardiology,33
5319,Pediatrics,Pediatrics,17
5320,Cardiology,Pediatrics,10
5321,Cardiology,Orthopedics,24
5322,Pediatrics,Oncology,5
5323,Pediatrics,General,33
5324,General,Orthopedics,19
5325,Oncology,Pediatrics,4
5326,Orthopedics,Neurology,35
5327,Pediatrics,Neurology,9
5328,General,Orthopedics,24
5329,Oncology,Neurology,16
5330,Neurology,Orthopedics,10
5331,Orthopedics,Neurology,13
5332,Pediatrics,Neurology,33
5333,Orthopedics,Neurology,14
5334,General,Neurology,5
5335,Orthopedics,Neurology,2
5336,Pediatrics,Cardiology,10
5337,Oncology,Orthopedics,38
5338,Oncology,Neurology,11
5339,Neurology,Cardiology,21
5340,Oncology,Cardiology,39
5341,Orthopedics,General,34
5342,General,General,12
5343,General,Neurology,22
5344,Cardiology,Cardiology,30
5345,Pediatrics,Neurology,19
5346,General,General,4
5347,Cardiology,Cardiology,5
5348,General,Oncology,34
5349,General,Orthopedics,31
5350,Pediatrics,Pediatrics,7
5351,Orthopedics,Oncology,20
5352,Orthopedics,Pediatrics,39
5353,Neurology,General,23
5354,Pediatrics,Neurology,15
5355,Neurology,Cardiology,15
5356,General,Cardiology,8
5357,Oncology,Orthopedics,39
5358,Orthopedics,General,14
5359,Pediatrics,Pediatrics,19
5360,Pediatrics,Orthopedics,5
5361,Pediatrics,Neurology,25
5362,Cardiology,Cardiology,23
5363,Pediatrics,Orthopedics,17
5364,Neurology,Pediatrics,10
5365,Cardiology,Neurology,14
5366,Orthopedics,Oncology,4
5367,Pediatrics,Neurology,15
5368,Pediatrics,General,16
5369,Neurology,Orthopedics,21
5370,General,Neurology,16
5371,Pediatrics,Pediatrics,8
5372,Neurology,Pediatrics,11
5373,Neurology,Orthopedics,35
5374,Neurology,Pediatrics,16
5375,Cardiology,Orthopedics,27
5376,General,Pediatrics,34
5377,Cardiology,Pediatrics,7
5378,Oncology,Cardiology,34
5379,Orthopedics,Oncology,15
5380,Neurology,Cardiology,24
5381,General,Neurology,21
5382,Oncology,Neurology,2
5383,General,Oncology,1
5384,Pediatrics,Orthopedics,9
5385,General,Oncology,26
5386,Pediatrics,Neurology,18
5387,General,General,18
5388,Neurology,Oncology,20
5389,Neurology,Pediatrics,16
5390,Orthopedics,Neurology,29
5391,Neurology,General,23
5392,Oncology,Pediatrics,7
5393,Cardiology,Orthopedics,1
5394,Oncology,Cardiology,20
5395,Neurology,General,21
5396,Orthopedics,Cardiology,28
5397,General,Cardiology,36
5398,Oncology,Orthopedics,2
5399,General,General,33
5400,Cardiology,Oncology,9
5401,General,Neurology,13
5402,General,Cardiology,36
5403,Orthopedics,General,37
5404,Oncology,General,29
5405,Pediatrics,Neurology,23
5406,Oncology,Neurology,35
5407,Neurology,Cardiology,31
5408,Cardiology,Oncology,8
5409,Pediatrics,Pediatrics,3
5410,General,Neurology,20
5411,Orthopedics,Neurology,28
5412,Orthopedics,Pediatrics,30
5413,Neurology,Orthopedics,14
5414,Pediatrics,Cardiology,9
5415,General,Oncology,12
5416,Pediatrics,Orthopedics,1
5417,Neurology,Oncology,30
5418,Cardiology,Oncology,29
5419,Oncology,Oncology,13
5420,Cardiology,Oncology,21
5421,General,Cardiology,11
5422,Neurology,General,3
5423,Orthopedics,Cardiology,28
5424,General,Pediatrics,4
5425,Oncology,Neurology,34
5426,Cardiology,Cardiology,16
5427,Orthopedics,Orthopedics,3
5428,Pediatrics,Orthopedics,19
5429,Pediatrics,Cardiology,19
5430,Orthopedics,Neurology,9
5431,Neurology,Neurology,24
5432,Neurology,Orthopedics,18
5433,Oncology,Orthopedics,32
5434,Pediatrics,General,31
5435,Pediatrics,Oncology,1
5436,Orthopedics,Neurology,32
5437,Pediatrics,Cardiology,14
5438,Oncology,Neurology,13
5439,Neurology,General,12
5440,Pediatrics,Pediatrics,20
5441,Orthopedics,Neurology,1
5442,Orthopedics,Neurology,30
5443,Pediatrics,Orthopedics,5
5444,Cardiology,General,32
5445,General,Oncology,15
5446,Cardiology,Cardiology,36
5447,General,Orthopedics,14
5448,Orthopedics,Pediatrics,8
5449,Neurology,General,16
5450,Cardiology,Pediatrics,36
5451,Orthopedics,Neurology,29
5452,Cardiology,Cardiology,21
5453,Cardiology,Orthopedics,29
5454,Orthopedics,General,33
5455,General,Oncology,37
5456,Oncology,General,19
5457,Orthopedics,General,3
5458,Cardiology,Oncology,30
5459,Oncology,Cardiology,7
5460,Orthopedics,Orthopedics,26
5461,Cardiology,General,36
5462,Pediatrics,Cardiology,28
5463,General,Cardiology,6
5464,Cardiology,Orthopedics,26
5465,Cardiology,Neurology,7
5466,Oncology,Neurology,28
5467,Neurology,Oncology,23
5468,Cardiology,Neurology,18
5469,Orthopedics,Cardiology,7
5470,General,General,27
5471,Orthopedics,Neurology,17
5472,Pediatrics,General,34
5473,Cardiology,General,5
5474,General,Orthopedics,35
5475,Oncology,Orthopedics,11
5476,Neurology,Neurology,33
5477,Neurology,Orthopedics,30
5478,Neurology,Cardiology,26
5479,Pediatrics,Cardiology,17
5480,Cardiology,Cardiology,10
5481,General,Orthopedics,8
5482,Cardiology,Orthopedics,9
5483,Neurology,General,33
5484,General,Orthopedics,29
5485,General,Oncology,16
5486,Oncology,Pediatrics,26
5487,Orthopedics,Oncology,36
5488,General,Pediatrics,13
5489,Orthopedics,Orthopedics,9
5490,General,Orthopedics,21
5491,Pediatrics,General,11
5492,Cardiology,General,24
5493,Neurology,Cardiology,7
5494,Orthopedics,Pediatrics,23
5495,Orthopedics,Pediatrics,23
5496,General,Orthopedics,13
5497,Oncology,Pediatrics,21
5498,Cardiology,Oncology,28
5499,Oncology,Orthopedics,9
5500,Neurology,General,22
5501,Orthopedics,Neurology,13
5502,Pediatrics,Orthopedics,26
5503,Cardiology,Oncology,4
5504,Orthopedics,Neurology,32
5505,Oncology,Orthopedics,31
5506,Pediatrics,Orthopedics,13
5507,Cardiology,Pediatrics,7
5508,General,Pediatrics,9
5509,Pediatrics,Cardiology,3
5510,Neurology,Orthopedics,37
5511,Cardiology,Oncology,13
5512,Neurology,Cardiology,24
5513,Pediatrics,General,29
5514,Neurology,Pediatrics,8
5515,Neurology,Pediatrics,27
5516,Cardiology,Orthopedics,16
5517,Pediatrics,Orthopedics,17
5518,Pediatrics,Oncology,33
5519,Neurology,Orthopedics,20
5520,General,Orthopedics,15
5521,Neurology,Oncology,13
5522,Pediatrics,General,9
5523,Cardiology,Neurology,10
5524,Pediatrics,Neurology,27
5525,Pediatrics,Orthopedics,39
5526,General,Oncology,38
5527,Pediatrics,Neurology,38
5528,General,General,30
5529,Cardiology,Pediatrics,9
5530,Orthopedics,Cardiology,30
5531,Oncology,Neurology,23
5532,Cardiology,Neurology,37
5533,General,Orthopedics,16
5534,Pediatrics,Orthopedics,1
5535,Orthopedics,Neurology,39
5536,Pediatrics,Neurology,14
5537,Oncology,Cardiology,25
5538,Cardiology,Pediatrics,21
5539,Neurology,Cardiology,16
5540,Neurology,Oncology,24
5541,Pediatrics,General,12
5542,Pediatrics,Neurology,33
5543,Cardiology,Pediatrics,15
5544,General,Neurology,29
5545,General,General,27
5546,Neurology,Neurology,5
5547,Pediatrics,Orthopedics,35
5548,Orthopedics,Oncology,10
5549,General,Cardiology,14
5550,Oncology,Oncology,19
5551,Orthopedics,Orthopedics,13
5552,Orthopedics,Neurology,12
5553,General,Cardiology,3
5554,General,Cardiology,26
5555,Pediatrics,Orthopedics,23
5556,Orthopedics,Cardiology,34
5557,Pediatrics,Pediatrics,3
5558,General,Pediatrics,23
5559,Oncology,Orthopedics,13
5560,Orthopedics,General,32
5561,Oncology,General,19
5562,Cardiology,Oncology,9
5563,General,Orthopedics,7
5564,Pediatrics,Neurology,21
5565,Cardiology,Pediatrics,34
5566,Oncology,Cardiology,7
5567,Orthopedics,General,12
5568,Oncology,General,24
5569,Cardiology,Neurology,18
5570,Neurology,Cardiology,9
5571,General,Neurology,17
5572,Neurology,Neurology,2
5573,Pediatrics,Cardiology,34
5574,Oncology,Cardiology,4
5575,Oncology,Neurology,8
5576,Oncology,Oncology,17
5577,Pediatrics,Cardiology,17
5578,Neurology,Oncology,34
5579,General,Cardiology,11
5580,Cardiology,Orthopedics,5
5581,Neurology,Pediatrics,23
5582,Pediatrics,Orthopedics,14
5583,Cardiology,Orthopedics,12
5584,Cardiology,Cardiology,15
5585,Orthopedics,Neurology,12
5586,Cardiology,Cardiology,9
5587,Neurology,General,3
5588,Oncology,Orthopedics,19
5589,Cardiology,Cardiology,28
5590,Orthopedics,Pediatrics,34
5591,Pediatrics,Oncology,31
5592,Neurology,Orthopedics,34
5593,Neurology,General,26
5594,Pediatrics,Pediatrics,3
5595,General,Pediatrics,27
5596,Orthopedics,Neurology,24
5597,Orthopedics,Neurology,16
5598,Pediatrics,General,22
5599,Cardiology,Oncology,30
5600,Cardiology,Neurology,23
5601,General,Oncology,7
5602,Cardiology,Neurology,37
5603,General,Orthopedics,7
5604,Neurology,Pediatrics,18
5605,Neurology,Oncology,26
5606,Oncology,Orthopedics,33
5607,Neurology,Cardiology,3
5608,Orthopedics,Cardiology,6
5609,General,Oncology,12
5610,Neurology,General,15
5611,Orthopedics,Pediatrics,9
5612,Orthopedics,Orthopedics,26
5613,Cardiology,Neurology,25
5614,Pediatrics,Pediatrics,24
5615,General,General,3
5616,General,Neurology,3
5617,Oncology,Orthopedics,38
5618,General,General,11
5619,Pediatrics,General,34
5620,Orthopedics,General,22
5621,General,General,21
5622,Orthopedics,Orthopedics,4
5623,Orthopedics,Cardiology,20
5624,Orthopedics,Oncology,9
5625,Pediatrics,General,23
5626,General,General,12
5627,Orthopedics,Pediatrics,34
5628,Neurology,Oncology,6
5629,General,General,15
5630,Orthopedics,Cardiology,10
5631,Oncology,Oncology,27
5632,Neurology,Neurology,1
5633,Pediatrics,General,9
5634,General,Pediatrics,17
5635,Cardiology,Cardiology,11
5636,General,Cardiology,38
5637,Cardiology,General,1
5638,Orthopedics,Pediatrics,23
5639,Pediatrics,Pediatrics,7
5640,Neurology,Pediatrics,1
5641,Orthopedics,Neurology,28
5642,General,Pediatrics,37
5643,Cardiology,Oncology,21
5644,Oncology,Cardiology,33
5645,Pediatrics,Oncology,21
5646,Neurology,Oncology,35
5647,Pediatrics,Pediatrics,2
5648,Neurology,Pediatrics,10
5649,Oncology,Cardiology,19
5650,General,General,3
5651,Oncology,Pediatrics,5
5652,Pediatrics,Oncology,32
5653,Orthopedics,Neurology,6
5654,Cardiology,General,10
5655,Neurology,Neurology,3
5656,Cardiology,Pediatrics,12
5657,Pediatrics,Orthopedics,38
5658,General,Orthopedics,32
5659,General,Oncology,31
5660,Orthopedics,Pediatrics,27
5661,Pediatrics,Pediatrics,3
5662,Oncology,Neurology,6
5663,General,Oncology,33
5664,Pediatrics,Oncology,21
5665,Cardiology,Orthopedics,4
5666,Neurology,Orthopedics,15
5667,Neurology,Cardiology,31
5668,Orthopedics,Cardiology,25
5669,Orthopedics,Cardiology,29
5670,General,Oncology,33
5671,Cardiology,General,24
5672,Oncology,Cardiology,9
5673,General,Neurology,3
5674,General,Orthopedics,3
5675,Pediatrics,Orthopedics,15
5676,Cardiology,Neurology,37
5677,Orthopedics,Pediatrics,3
5678,General,Oncology,38
5679,Pediatrics,Pediatrics,28
5680,Cardiology,General,36
5681,Oncology,Orthopedics,27
5682,Orthopedics,Neurology,21
5683,Orthopedics,General,26
5684,Orthopedics,General,26
5685,Oncology,Oncology,3
5686,Oncology,Cardiology,24
5687,Pediatrics,Neurology,7
5688,General,Cardiology,12
5689,Orthopedics,General,4
5690,Neurology,Pediatrics,36
5691,Orthopedics,General,16
5692,General,Orthopedics,20
5693,Pediatrics,Orthopedics,7
5694,Cardiology,Cardiology,17
5695,Oncology,Cardiology,9
5696,Oncology,Pediatrics,17
5697,Cardiology,Cardiology,23
5698,Oncology,Oncology,20
5699,Pediatrics,Pediatrics,38
5700,General,Neurology,18
5701,Oncology,Cardiology,9
5702,Oncology,General,5
5703,Oncology,Orthopedics,2
5704,Cardiology,Pediatrics,36
5705,Cardiology,Pediatrics,3
5706,Orthopedics,Neurology,24
5707,Neurology,Pediatrics,16
5708,Orthopedics,Neurology,37
5709,Oncology,Neurology,27
5710,Oncology,Pediatrics,8
5711,Cardiology,Oncology,5
5712,Oncology,Oncology,5
5713,Neurology,Pediatrics,15
5714,Oncology,Oncology,1
5715,General,General,31
5716,Pediatrics,General,6
5717,Oncology,General,22
5718,Orthopedics,Cardiology,35
5719,Pediatrics,Pediatrics,26
5720,Oncology,Oncology,30
5721,General,Cardiology,18
5722,General,General,27
5723,General,Oncology,12
5724,Cardiology,General,22
5725,General,Oncology,2
5726,Cardiology,Neurology,34
5727,Neurology,General,38
5728,Oncology,Oncology,33
5729,Orthopedics,Neurology,12
5730,Cardiology,Oncology,19
5731,Cardiology,Cardiology,37
5732,Neurology,Neurology,16
5733,Neurology,Neurology,3
5734,General,Orthopedics,18
5735,Orthopedics,Cardiology,16
5736,Cardiology,Orthopedics,34
5737,Oncology,Pediatrics,8
5738,General,General,9
5739,General,Orthopedics,23
5740,Orthopedics,Orthopedics,24
5741,General,Cardiology,16
5742,Orthopedics,Orthopedics,1
5743,Neurology,Oncology,35
5744,General,Cardiology,37
5745,Neurology,Pediatrics,8
5746,Oncology,Orthopedics,23
5747,General,Neurology,19
5748,Pediatrics,Neurology,9
5749,Orthopedics,General,28
5750,Orthopedics,Cardiology,36
5751,General,Cardiology,30
5752,Oncology,Pediatrics,21
5753,Cardiology,Orthopedics,11
5754,Neurology,Pediatrics,20
5755,General,General,28
5756,Oncology,Neurology,19
5757,Pediatrics,Pediatrics,37
5758,General,General,14
5759,Pediatrics,Pediatrics,21
5760,Cardiology,Cardiology,18
5761,Pediatrics,Oncology,4
5762,Orthopedics,Orthopedics,29
5763,Oncology,Neurology,1
5764,Cardiology,General,33
5765,Neurology,Orthopedics,14
5766,Pediatrics,Neurology,6
5767,Neurology,Oncology,20
5768,Pediatrics,Pediatrics,22
5769,Orthopedics,Orthopedics,6
5770,Orthopedics,Oncology,21
5771,Orthopedics,Neurology,17
5772,Neurology,General,33
5773,Pediatrics,General,15
5774,Orthopedics,Orthopedics,21
5775,General,Pediatrics,1
5776,Neurology,General,29
5777,Neurology,Oncology,23
5778,Pediatrics,General,29
5779,Oncology,General,9
5780,Oncology,Orthopedics,33
5781,Neurology,Cardiology,34
5782,Orthopedics,Orthopedics,20
5783,Orthopedics,Oncology,11
5784,Neurology,Cardiology,19
5785,Oncology,Neurology,20
5786,General,General,21
5787,Neurology,Cardiology,10
5788,Oncology,Pediatrics,18
5789,Pediatrics,Orthopedics,13
5790,Pediatrics,Oncology,9
5791,Neurology,Cardiology,24
5792,Neurology,General,13
5793,Pediatrics,Neurology,20
5794,Oncology,Orthopedics,15
5795,Pediatrics,General,12
5796,Orthopedics,Cardiology,29
5797,Oncology,Oncology,23
5798,Pediatrics,Orthopedics,8
5799,Orthopedics,Cardiology,16
5800,Orthopedics,Pediatrics,8
5801,Pediatrics,Orthopedics,16
5802,Oncology,Pediatrics,22
5803,Oncology,Cardiology,1
5804,Oncology,Oncology,37
5805,Orthopedics,General,33
5806,General,Neurology,20
5807,Oncology,General,12
5808,Oncology,General,29
5809,Cardiology,Pediatrics,24
5810,Neurology,General,29
5811,Orthopedics,Cardiology,37
5812,General,Pediatrics,18
5813,Orthopedics,Orthopedics,8
5814,Pediatrics,Orthopedics,10
5815,General,Orthopedics,11
5816,General,Pediatrics,2
5817,Pediatrics,Oncology,10
5818,Orthopedics,Orthopedics,27
5819,General,General,11
5820,Pediatrics,Cardiology,18
5821,Orthopedics,Cardiology,15
5822,Orthopedics,Orthopedics,31
5823,Cardiology,Cardiology,37
5824,Orthopedics,Oncology,32
5825,General,Orthopedics,31
5826,Oncology,General,17
5827,Cardiology,General,35
5828,Pediatrics,Pediatrics,19
5829,Oncology,Cardiology,15
5830,Cardiology,Oncology,1
5831,General,General,18
5832,Cardiology,Neurology,32
5833,Cardiology,Pediatrics,39
5834,Orthopedics,General,35
5835,Cardiology,General,6
5836,Pediatrics,Orthopedics,29
5837,Neurology,General,21
5838,Orthopedics,Orthopedics,26
5839,General,Orthopedics,12
5840,Pediatrics,Pediatrics,38
5841,Oncology,Neurology,27
5842,Oncology,Cardiology,34
5843,Orthopedics,Cardiology,38
5844,Pediatrics,Orthopedics,31
5845,Pediatrics,Oncology,26
5846,General,Pediatrics,37
5847,Orthopedics,Pediatrics,19
5848,Neurology,Pediatrics,10
5849,Cardiology,General,2
5850,General,Cardiology,24
5851,Pediatrics,Pediatrics,11
5852,Orthopedics,General,18
5853,General,Pediatrics,31
5854,Orthopedics,Neurology,29
5855,Pediatrics,Oncology,29
5856,Cardiology,Orthopedics,12
5857,Oncology,Cardiology,31
5858,General,Oncology,12
5859,Neurology,Cardiology,15
5860,General,Neurology,16
5861,Orthopedics,Neurology,38
5862,General,Cardiology,4
5863,Orthopedics,Pediatrics,34
5864,Neurology,Orthopedics,7
5865,Cardiology,Oncology,39
5866,Oncology,Cardiology,12
5867,Pediatrics,Neurology,7
5868,Oncology,General,1
5869,General,Pediatrics,6
5870,Orthopedics,Neurology,9
5871,Oncology,Neurology,8
5872,Cardiology,Cardiology,8
5873,Oncology,Neurology,7
5874,Cardiology,Neurology,27
5875,Pediatrics,Neurology,2
5876,General,Pediatrics,23
5877,Cardiology,Oncology,36
5878,Cardiology,Oncology,22
5879,Neurology,Pediatrics,38
5880,General,Orthopedics,22
5881,Pediatrics,Pediatrics,1
5882,Oncology,Cardiology,37
5883,General,Oncology,7
5884,Cardiology,Neurology,38
5885,Neurology,Neurology,14
5886,Neurology,Cardiology,35
5887,Orthopedics,Orthopedics,14
5888,Orthopedics,Cardiology,8
5889,General,Neurology,39
5890,Neurology,Pediatrics,20
5891,Neurology,Oncology,13
5892,Pediatrics,Oncology,11
5893,Cardiology,General,34
5894,Neurology,Cardiology,2
5895,Orthopedics,General,20
5896,Oncology,Cardiology,12
5897,General,General,17
5898,Neurology,Oncology,39
5899,Neurology,Orthopedics,15
5900,Cardiology,General,37
5901,Cardiology,Neurology,39
5902,Cardiology,Cardiology,35
5903,Neurology,Cardiology,35
5904,Cardiology,Orthopedics,12
5905,General,Neurology,25
5906,Cardiology,General,11
5907,Cardiology,Orthopedics,25
5908,Neurology,Pediatrics,12
5909,Cardiology,Oncology,32
5910,Orthopedics,Pediatrics,18
5911,Cardiology,Cardiology,2
5912,Orthopedics,Orthopedics,5
5913,Neurology,Cardiology,16
5914,Oncology,Oncology,6
5915,Oncology,Orthopedics,27
5916,Oncology,Pediatrics,2
5917,Oncology,Orthopedics,10
5918,General,Oncology,28
5919,General,Oncology,4
5920,Neurology,Oncology,22
5921,Neurology,Cardiology,20
5922,Cardiology,General,8
5923,Oncology,Oncology,4
5924,Pediatrics,Oncology,14
5925,Pediatrics,Cardiology,18
5926,Neurology,Pediatrics,20
5927,Cardiology,Oncology,15
5928,Oncology,Orthopedics,21
5929,General,Oncology,26
5930,Cardiology,Oncology,9
5931,Cardiology,Cardiology,30
5932,General,Cardiology,29
5933,Oncology,Oncology,37
5934,Orthopedics,General,2
5935,Neurology,Oncology,27
5936,Oncology,Oncology,8
5937,Oncology,Pediatrics,21
5938,Orthopedics,Cardiology,26
5939,Orthopedics,General,30
5940,General,Cardiology,20
5941,General,General,16
5942,Neurology,Oncology,32
5943,Oncology,Oncology,11
5944,General,Oncology,34
5945,General,Cardiology,35
5946,Cardiology,Oncology,4
5947,Cardiology,Oncology,17
5948,Cardiology,Cardiology,27
5949,Pediatrics,Oncology,19
5950,Oncology,Orthopedics,7
5951,General,Neurology,19
5952,Orthopedics,General,20
5953,Pediatrics,Orthopedics,30
5954,Orthopedics,Neurology,13
5955,General,General,3
5956,Orthopedics,General,20
5957,Orthopedics,Oncology,19
5958,Neurology,Oncology,36
5959,Orthopedics,Cardiology,1
5960,Oncology,Oncology,3
5961,Neurology,Oncology,1
5962,Orthopedics,Cardiology,8
5963,General,Neurology,2
5964,Pediatrics,Neurology,39
5965,General,Pediatrics,15
5966,Pediatrics,Cardiology,21
5967,Oncology,Oncology,23
5968,Neurology,Oncology,6
5969,Orthopedics,Oncology,38
5970,Neurology,Orthopedics,24
5971,Oncology,General,1
5972,Oncology,Pediatrics,7
5973,Neurology,Neurology,28
5974,Pediatrics,Cardiology,21
5975,Oncology,Neurology,5
5976,Neurology,General,5
5977,Pediatrics,Neurology,33
5978,Cardiology,General,19
5979,Pediatrics,General,19
5980,Cardiology,Oncology,31
5981,Pediatrics,Neurology,24
5982,Oncology,Cardiology,27
5983,Oncology,General,11
5984,Orthopedics,Pediatrics,6
5985,Cardiology,Orthopedics,39
5986,Cardiology,Oncology,32
5987,General,General,25
5988,Neurology,General,11
5989,General,Pediatrics,39
5990,Cardiology,Oncology,16
5991,General,Oncology,4
5992,Pediatrics,Orthopedics,2
5993,Cardiology,Neurology,39
5994,Pediatrics,Pediatrics,34
5995,Pediatrics,Neurology,21
5996,Cardiology,Neurology,28
5997,Neurology,Cardiology,31
5998,Orthopedics,Cardiology,1
5999,Neurology,Neurology,26
6000,General,General,12
6001,General,Oncology,14
6002,Oncology,Orthopedics,32
6003,Oncology,Neurology,35
6004,Pediatrics,Orthopedics,36
6005,Neurology,Pediatrics,22
6006,Pediatrics,Neurology,24
6007,Cardiology,Pediatrics,2
6008,Oncology,Cardiology,17
6009,Oncology,Neurology,23
6010,Cardiology,Orthopedics,2
6011,Oncology,Cardiology,39
6012,Pediatrics,Cardiology,29
6013,Neurology,Pediatrics,29
6014,General,Orthopedics,20
6015,General,Cardiology,6
6016,Neurology,Orthopedics,2
6017,Orthopedics,Orthopedics,3
6018,Orthopedics,Pediatrics,6
6019,Orthopedics,Orthopedics,35
6020,Orthopedics,Cardiology,32
6021,General,Neurology,16
6022,Pediatrics,Cardiology,36
6023,Orthopedics,Neurology,36
6024,Neurology,General,13
6025,General,Orthopedics,11
6026,General,Cardiology,8
6027,Neurology,Pediatrics,11
6028,General,Oncology,21
6029,General,General,30
6030,Cardiology,Neurology,4
6031,Neurology,Neurology,17
6032,General,Neurology,20
6033,Cardiology,General,39
6034,Orthopedics,General,38
6035,Pediatrics,Neurology,12
6036,Cardiology,Orthopedics,8
6037,Pediatrics,Orthopedics,7
6038,Cardiology,General,24
6039,Orthopedics,Orthopedics,10
6040,Orthopedics,Cardiology,11
6041,General,Neurology,10
6042,Oncology,Neurology,3
6043,Pediatrics,Oncology,30
6044,Cardiology,General,20
6045,Orthopedics,Neurology,11
6046,Cardiology,Orthopedics,39
6047,General,Oncology,3
6048,Pediatrics,Pediatrics,3
6049,Orthopedics,Pediatrics,21
6050,Neurology,Cardiology,13
6051,Cardiology,Orthopedics,10
6052,Oncology,General,32
6053,Pediatrics,Pediatrics,30
6054,General,Orthopedics,35
6055,Neurology,Orthopedics,12
6056,Neurology,Pediatrics,26
6057,Neurology,Oncology,35
6058,Orthopedics,Neurology,1
6059,Orthopedics,Orthopedics,9
6060,General,Pediatrics,8
6061,Oncology,Pediatrics,8
6062,General,General,28
6063,General,Neurology,23
6064,Cardiology,Pediatrics,14
6065,General,General,24
6066,Orthopedics,Cardiology,30
6067,Neurology,Pediatrics,1
6068,Cardiology,Orthopedics,33
6069,Neurology,Cardiology,9
6070,Oncology,Oncology,12
6071,Neurology,Neurology,18
6072,Pediatrics,Oncology,27
6073,General,General,1
6074,Pediatrics,Orthopedics,7
6075,Oncology,Oncology,18
6076,Orthopedics,Oncology,8
6077,Cardiology,Oncology,11
6078,Neurology,Pediatrics,30
6079,Cardiology,Pediatrics,9
6080,Orthopedics,Neurology,11
6081,Cardiology,Orthopedics,23
6082,Oncology,General,6
6083,Cardiology,General,26
6084,Cardiology,Pediatrics,30
6085,General,Orthopedics,8
6086,Oncology,Neurology,34
6087,General,General,16
6088,Neurology,Orthopedics,27
6089,Neurology,Orthopedics,25
6090,Pediatrics,Cardiology,37
6091,Pediatrics,Neurology,14
6092,Neurology,General,25
6093,Neurology,Cardiology,14
6094,Pediatrics,General,22
6095,General,Orthopedics,22
6096,Pediatrics,Orthopedics,8
6097,Oncology,Cardiology,19
6098,Pediatrics,Pediatrics,28
6099,Cardiology,Orthopedics,36
6100,Orthopedics,Neurology,29
6101,Pediatrics,General,21
6102,Pediatrics,Pediatrics,25
6103,Cardiology,Cardiology,3
6104,Pediatrics,Neurology,27
6105,Cardiology,Oncology,4
6106,Oncology,Neurology,1
6107,Orthopedics,Pediatrics,9
6108,Neurology,Oncology,7
6109,Oncology,General,36
6110,Neurology,Pediatrics,29
6111,Pediatrics,Pediatrics,29
6112,Neurology,General,38
6113,Cardiology,Neurology,11
6114,Cardiology,Neurology,27
6115,Oncology,Cardiology,19
6116,Oncology,Orthopedics,31
6117,Neurology,Pediatrics,39
6118,Neurology,Cardiology,29
6119,Pediatrics,Orthopedics,21
6120,Cardiology,Cardiology,27
6121,Cardiology,Orthopedics,10
6122,Pediatrics,Oncology,39
6123,Orthopedics,Cardiology,22
6124,Oncology,Orthopedics,9
6125,Orthopedics,Orthopedics,38
6126,Neurology,Orthopedics,34
6127,Cardiology,Neurology,16
6128,Neurology,Orthopedics,28
6129,Pediatrics,Pediatrics,6
6130,Neurology,Neurology,15
6131,Pediatrics,Pediatrics,12
6132,Oncology,General,39
6133,Pediatrics,Cardiology,27
6134,Cardiology,General,2
6135,Orthopedics,Neurology,21
6136,Orthopedics,Pediatrics,25
6137,Pediatrics,Neurology,14
6138,Pediatrics,Cardiology,10
6139,General,Orthopedics,23
6140,Neurology,Pediatrics,19
6141,Orthopedics,Orthopedics,6
6142,Neurology,General,19
6143,General,Pediatrics,3
6144,Neurology,Pediatrics,19
6145,Cardiology,General,15
6146,Pediatrics,Pediatrics,39
6147,Orthopedics,Pediatrics,23
6148,Neurology,Cardiology,20
6149,Neurology,Pediatrics,22
6150,Cardiology,Oncology,24
6151,Oncology,General,29
6152,Cardiology,General,37
6153,Oncology,Orthopedics,27
6154,General,Neurology,7
6155,Oncology,Orthopedics,22
6156,General,Pediatrics,38
6157,Orthopedics,Cardiology,20
6158,Pediatrics,General,5
6159,Cardiology,Orthopedics,11
6160,General,Cardiology,9
6161,Pediatrics,General,20
6162,Neurology,General,34
6163,Neurology,Oncology,16
6164,Oncology,Oncology,18
6165,Orthopedics,General,33
6166,Cardiology,Pediatrics,29
6167,Neurology,Cardiology,7
6168,Neurology,Oncology,32
6169,Cardiology,Pediatrics,28
6170,Neurology,Pediatrics,7
6171,Orthopedics,Cardiology,22
6172,Oncology,Oncology,28
6173,General,Oncology,29
6174,Neurology,Pediatrics,16
6175,Orthopedics,Cardiology,28
6176,Neurology,Cardiology,39
6177,Pediatrics,Orthopedics,28
6178,Orthopedics,Cardiology,4
6179,Neurology,Cardiology,9
6180,Neurology,Orthopedics,7
6181,Orthopedics,Oncology,9
6182,Pediatrics,General,10
6183,Neurology,Oncology,6
6184,General,General,34
6185,Cardiology,Orthopedics,12
6186,Neurology,Cardiology,38
6187,Neurology,Cardiology,11
6188,Neurology,General,30
6189,Orthopedics,Cardiology,2
6190,Pediatrics,Pediatrics,7
6191,General,Pediatrics,32
6192,Orthopedics,Oncology,25
6193,Oncology,Orthopedics,7
6194,Pediatrics,Neurology,35
6195,Orthopedics,General,37
6196,Cardiology,Cardiology,24
6197,Orthopedics,Cardiology,30
6198,General,Cardiology,8
6199,Neurology,Orthopedics,17
6200,Cardiology,Neurology,14
6201,Pediatrics,Cardiology,6
6202,Orthopedics,Neurology,14
6203,Orthopedics,Orthopedics,26
6204,General,Pediatrics,27
6205,Orthopedics,Cardiology,23
6206,General,Cardiology,11
6207,Orthopedics,Pediatrics,14
6208,Pediatrics,Orthopedics,3
6209,General,Neurology,5
6210,Cardiology,Orthopedics,21
6211,Oncology,Orthopedics,35
6212,Orthopedics,Orthopedics,15
6213,Cardiology,General,8
6214,Orthopedics,Orthopedics,34
6215,General,Neurology,17
6216,Orthopedics,Orthopedics,1
6217,Oncology,Neurology,31
6218,Cardiology,Pediatrics,26
6219,Pediatrics,Oncology,15
6220,Oncology,Pediatrics,11
6221,Cardiology,Pediatrics,37
6222,General,Neurology,35
6223,Neurology,Cardiology,19
6224,Neurology,Neurology,16
6225,Neurology,Cardiology,16
6226,Pediatrics,Cardiology,19
6227,Orthopedics,Oncology,27
6228,Pediatrics,General,33
6229,Pediatrics,Neurology,38
6230,Neurology,Pediatrics,8
6231,Pediatrics,Oncology,12
6232,Pediatrics,Neurology,32
6233,Orthopedics,General,8
6234,Neurology,Oncology,31
6235,Cardiology,Neurology,6
6236,General,Cardiology,8
6237,Neurology,General,18
6238,Orthopedics,Neurology,4
6239,Cardiology,Orthopedics,18
6240,Pediatrics,Pediatrics,35
6241,General,General,17
6242,Cardiology,Neurology,31
6243,Pediatrics,Pediatrics,29
6244,Neurology,General,7
6245,Pediatrics,Orthopedics,17
6246,Pediatrics,Neurology,24
6247,Pediatrics,Pediatrics,2
6248,Pediatrics,Orthopedics,13
6249,Orthopedics,General,10
6250,Oncology,Orthopedics,5
6251,Pediatrics,Cardiology,2
6252,Orthopedics,Orthopedics,16
6253,Orthopedics,General,29
6254,Oncology,Oncology,30
6255,Orthopedics,Neurology,9
6256,Pediatrics,General,34
6257,Cardiology,Orthopedics,19
6258,Orthopedics,Pediatrics,35
6259,Neurology,General,34
6260,Oncology,Neurology,13
6261,Pediatrics,Orthopedics,23
6262,Orthopedics,Pediatrics,35
6263,Pediatrics,Cardiology,30
6264,Orthopedics,Pediatrics,25
6265,Cardiology,Cardiology,31
6266,Cardiology,Cardiology,22
6267,Pediatrics,Oncology,31
6268,Cardiology,Neurology,19
6269,Orthopedics,General,36
6270,Orthopedics,Oncology,35
6271,Orthopedics,Pediatrics,26
6272,Neurology,Neurology,4
6273,Neurology,Neurology,15
6274,Orthopedics,Oncology,31
6275,Neurology,Oncology,33
6276,General,Cardiology,7
6277,Neurology,General,14
6278,Oncology,Cardiology,31
6279,Neurology,Orthopedics,1
6280,Oncology,Cardiology,27
6281,Neurology,Neurology,7
6282,Orthopedics,Pediatrics,19
6283,Pediatrics,Neurology,33
6284,Cardiology,Oncology,25
6285,Pediatrics,Neurology,26
6286,Pediatrics,Pediatrics,29
6287,Oncology,Cardiology,3
6288,Cardiology,General,1
6289,Cardiology,Neurology,39
6290,General,Oncology,36
6291,Cardiology,Orthopedics,26
6292,Pediatrics,Pediatrics,14
6293,General,General,8
6294,Neurology,Oncology,15
6295,General,Cardiology,11
6296,Orthopedics,General,29
6297,Pediatrics,General,39
6298,Oncology,Cardiology,29
6299,Orthopedics,Cardiology,7
6300,Cardiology,Oncology,13
6301,Neurology,Orthopedics,23
6302,General,Pediatrics,20
6303,Orthopedics,Oncology,1
6304,Pediatrics,Orthopedics,11
6305,Neurology,General,14
6306,Cardiology,Oncology,34
6307,Neurology,Orthopedics,5
6308,Neurology,Neurology,20
6309,General,Oncology,9
6310,Orthopedics,Orthopedics,7
6311,Cardiology,General,17
6312,Oncology,Pediatrics,22
6313,Neurology,Cardiology,1
6314,Neurology,Neurology,32
6315,Pediatrics,Neurology,17
6316,General,Cardiology,31
6317,Cardiology,Neurology,16
6318,Pediatrics,Pediatrics,38
6319,Cardiology,Neurology,20
6320,Cardiology,Oncology,7
6321,Orthopedics,Oncology,23
6322,General,Neurology,16
6323,Orthopedics,Cardiology,17
6324,Oncology,Cardiology,39
6325,Orthopedics,Pediatrics,28
6326,Pediatrics,Cardiology,35
6327,Pediatrics,Pediatrics,23
6328,Pediatrics,Pediatrics,24
6329,Oncology,Neurology,23
6330,Pediatrics,Cardiology,26
6331,Pediatrics,Oncology,27
6332,Orthopedics,Oncology,13
6333,Neurology,General,28
6334,General,Pediatrics,36
6335,Orthopedics,Pediatrics,7
6336,Oncology,Oncology,23
6337,Neurology,Pediatrics,37
6338,Pediatrics,Pediatrics,14
6339,Oncology,Neurology,7
6340,Orthopedics,Pediatrics,3
6341,Oncology,Pediatrics,31
6342,Pediatrics,Oncology,19
6343,Pediatrics,Neurology,21
6344,Pediatrics,Oncology,32
6345,General,Oncology,36
6346,Oncology,Cardiology,2
6347,Pediatrics,Cardiology,12
6348,Oncology,Oncology,18
6349,Neurology,Pediatrics,8
6350,Pediatrics,Pediatrics,26
6351,Orthopedics,Pediatrics,30
6352,Pediatrics,Orthopedics,22
6353,General,Cardiology,5
6354,Pediatrics,Oncology,29
6355,Orthopedics,General,33
6356,Oncology,Orthopedics,10
6357,Oncology,Cardiology,18
6358,Cardiology,Neurology,27
6359,Oncology,Pediatrics,34
6360,Pediatrics,General,14
6361,Pediatrics,Oncology,8
6362,Oncology,Cardiology,17
6363,Orthopedics,Pediatrics,28
6364,Pediatrics,Cardiology,27
6365,Pediatrics,Neurology,30
6366,General,Neurology,2
6367,Orthopedics,Orthopedics,5
6368,General,Pediatrics,25
6369,General,Oncology,7
6370,Neurology,Neurology,37
6371,Cardiology,General,10
6372,Oncology,Orthopedics,20
6373,Pediatrics,Cardiology,22
6374,Pediatrics,General,8
6375,Cardiology,Pediatrics,21
6376,Orthopedics,Orthopedics,33
6377,Cardiology,Oncology,5
6378,Pediatrics,Cardiology,27
6379,Neurology,Neurology,25
6380,Orthopedics,General,27
6381,Oncology,General,23
6382,Orthopedics,Oncology,8
6383,Cardiology,Pediatrics,29
6384,General,General,25
6385,Orthopedics,Pediatrics,10
6386,Pediatrics,Oncology,11
6387,Neurology,Neurology,11
6388,General,Orthopedics,4
6389,Orthopedics,Neurology,17
6390,Oncology,Orthopedics,31
6391,General,Pediatrics,5
6392,Cardiology,General,30
6393,Neurology,Cardiology,25
6394,Oncology,Neurology,6
6395,General,Oncology,3
6396,Oncology,Orthopedics,39
6397,Orthopedics,Orthopedics,28
6398,Oncology,Orthopedics,13
6399,Pediatrics,Neurology,33
6400,Pediatrics,Neurology,35
6401,Neurology,Orthopedics,15
6402,Cardiology,Oncology,31
6403,Cardiology,Pediatrics,37
6404,Pediatrics,Cardiology,19
6405,Orthopedics,Cardiology,9
6406,Cardiology,Pediatrics,9
6407,Orthopedics,Orthopedics,35
6408,Orthopedics,Orthopedics,33
6409,Oncology,Pediatrics,5
6410,Cardiology,Pediatrics,19
6411,General,Neurology,33
6412,Cardiology,Oncology,17
6413,Orthopedics,Pediatrics,9
6414,Oncology,General,1
6415,Neurology,Pediatrics,9
6416,Neurology,Neurology,22
6417,Neurology,Oncology,28
6418,Orthopedics,Cardiology,32
6419,Pediatrics,Neurology,29
6420,Pediatrics,Cardiology,20
6421,Pediatrics,Pediatrics,35
6422,Neurology,Neurology,38
6423,General,Orthopedics,39
6424,General,Pediatrics,27
6425,Oncology,Cardiology,19
6426,General,Orthopedics,22
6427,Orthopedics,Pediatrics,1
6428,Orthopedics,Oncology,14
6429,Cardiology,Cardiology,7
6430,Pediatrics,Orthopedics,10
6431,General,General,39
6432,Pediatrics,Orthopedics,6
6433,Oncology,General,28
6434,Orthopedics,Cardiology,32
6435,General,Neurology,27
6436,Orthopedics,Orthopedics,22
6437,Pediatrics,Cardiology,7
6438,General,Orthopedics,6
6439,Neurology,Cardiology,31
6440,Cardiology,Orthopedics,13
6441,Oncology,General,2
6442,Neurology,Orthopedics,4
6443,Pediatrics,General,39
6444,General,Cardiology,3
6445,Cardiology,Oncology,35
6446,Neurology,Oncology,30
6447,Cardiology,Neurology,25
6448,Pediatrics,Pediatrics,9
6449,Neurology,General,3
6450,Pediatrics,General,2
6451,Oncology,Oncology,36
6452,Neurology,Pediatrics,20
6453,General,Neurology,29
6454,Cardiology,Orthopedics,10
6455,Pediatrics,General,17
6456,Pediatrics,Cardiology,29
6457,Cardiology,Cardiology,30
6458,Orthopedics,Oncology,13
6459,Oncology,Oncology,11
6460,Cardiology,Orthopedics,5
6461,Pediatrics,Neurology,19
6462,General,Cardiology,7
6463,Neurology,Pediatrics,29
6464,General,General,22
6465,Cardiology,Oncology,23
6466,Neurology,Orthopedics,19
6467,Oncology,Orthopedics,20
6468,Neurology,Oncology,18
6469,Pediatrics,Orthopedics,31
6470,Neurology,Oncology,8
6471,Oncology,Orthopedics,32
6472,Cardiology,General,15
6473,General,General,15
6474,Neurology,Neurology,26
6475,Orthopedics,Pediatrics,14
6476,Cardiology,Oncology,8
6477,General,General,17
6478,Oncology,General,6
6479,Neurology,General,37
6480,Orthopedics,General,32
6481,Orthopedics,Pediatrics,36
6482,Pediatrics,Orthopedics,34
6483,Cardiology,Cardiology,14
6484,General,Cardiology,35
6485,General,Neurology,27
6486,General,Oncology,17
6487,General,Pediatrics,3
6488,Orthopedics,Orthopedics,28
6489,General,Neurology,12
6490,Oncology,Orthopedics,30
6491,Pediatrics,Pediatrics,1
6492,Oncology,Pediatrics,15
6493,Neurology,Cardiology,21
6494,Neurology,General,8
6495,Neurology,Cardiology,25
6496,Oncology,Orthopedics,21
6497,Orthopedics,General,24
6498,Neurology,Cardiology,34
6499,Neurology,General,37
6500,Oncology,Cardiology,34
6501,Pediatrics,Cardiology,18
6502,General,General,33
6503,Oncology,Orthopedics,1
6504,General,General,11
6505,Cardiology,Neurology,8
6506,Neurology,Pediatrics,33
6507,Pediatrics,Neurology,24
6508,Cardiology,Pediatrics,13
6509,Neurology,General,16
6510,Orthopedics,Cardiology,11
6511,Cardiology,Oncology,15
6512,Oncology,Neurology,13
6513,Orthopedics,Cardiology,33
6514,Oncology,Pediatrics,17
6515,General,General,4
6516,Pediatrics,Orthopedics,24
6517,Pediatrics,Pediatrics,29
6518,General,Oncology,4
6519,Orthopedics,General,15
6520,Neurology,General,23
6521,Neurology,General,16
6522,General,Oncology,18
6523,Neurology,Pediatrics,19
6524,Neurology,Pediatrics,24
6525,Orthopedics,General,1
6526,Orthopedics,Neurology,37
6527,General,Orthopedics,7
6528,Oncology,Pediatrics,38
6529,Cardiology,Orthopedics,25
6530,Orthopedics,Oncology,8
6531,General,Oncology,14
6532,Neurology,Orthopedics,39
6533,Cardiology,Orthopedics,22
6534,Cardiology,Oncology,34
6535,General,General,25
6536,General,Pediatrics,10
6537,Neurology,General,26
6538,Cardiology,Cardiology,26
6539,Cardiology,Neurology,22
6540,Neurology,Neurology,29
6541,General,Cardiology,3
6542,Pediatrics,Orthopedics,26
6543,Orthopedics,Cardiology,1
6544,Oncology,Pediatrics,21
6545,Neurology,Oncology,26
6546,Pediatrics,Cardiology,33
6547,General,Pediatrics,8
6548,Neurology,Cardiology,22
6549,Oncology,Pediatrics,32
6550,Orthopedics,Oncology,39
6551,Neurology,General,16
6552,Pediatrics,Oncology,24
6553,Pediatrics,General,25
6554,Neurology,Orthopedics,19
6555,Oncology,Cardiology,19
6556,General,Oncology,20
6557,Cardiology,Orthopedics,35
6558,Neurology,Cardiology,26
6559,Oncology,Neurology,9
6560,Neurology,Oncology,34
6561,General,Neurology,23
6562,Cardiology,Neurology,38
6563,Neurology,Neurology,21
6564,Neurology,Oncology,37
6565,Orthopedics,Pediatrics,26
6566,Neurology,Cardiology,22
6567,Pediatrics,Neurology,27
6568,General,Cardiology,1
6569,Orthopedics,Cardiology,25
6570,Cardiology,General,29
6571,General,Oncology,38
6572,Neurology,Orthopedics,1
6573,General,General,9
6574,Pediatrics,Neurology,18
6575,Cardiology,Cardiology,29
6576,Pediatrics,Orthopedics,12
6577,Orthopedics,General,19
6578,Orthopedics,Neurology,14
6579,Oncology,General,13
6580,Cardiology,Cardiology,16
6581,Oncology,General,5
6582,Orthopedics,Cardiology,32
6583,General,Orthopedics,1
6584,Pediatrics,Orthopedics,36
6585,Orthopedics,Neurology,17
6586,General,Orthopedics,32
6587,General,Neurology,3
6588,Pediatrics,Pediatrics,35
6589,Oncology,Oncology,18
6590,General,General,14
6591,General,Cardiology,4
6592,Cardiology,Oncology,37
6593,Oncology,Neurology,18
6594,Cardiology,Pediatrics,19
6595,Cardiology,Neurology,17
6596,Orthopedics,Pediatrics,5
6597,Orthopedics,Pediatrics,8
6598,Oncology,Orthopedics,27
6599,Neurology,Neurology,39
6600,Oncology,Orthopedics,38
6601,Cardiology,Neurology,1
6602,Oncology,Orthopedics,30
6603,General,General,10
6604,Neurology,Cardiology,8
6605,Neurology,Orthopedics,1
6606,Pediatrics,Cardiology,39
6607,Neurology,General,2
6608,Pediatrics,Cardiology,39
6609,Pediatrics,Oncology,30
6610,Neurology,Orthopedics,17
6611,Neurology,General,30
6612,Cardiology,Pediatrics,4
6613,Oncology,Orthopedics,18
6614,General,Oncology,1
6615,Cardiology,Oncology,19
6616,General,Pediatrics,1
6617,Neurology,Cardiology,32
6618,Neurology,General,18
6619,Pediatrics,Orthopedics,14
6620,Pediatrics,Pediatrics,31
6621,Cardiology,General,24
6622,General,Oncology,18
6623,Cardiology,General,23
6624,General,General,33
6625,Cardiology,Oncology,26
6626,Neurology,Cardiology,34
6627,Orthopedics,Pediatrics,31
6628,Pediatrics,Oncology,35
6629,Oncology,Pediatrics,13
6630,General,Orthopedics,5
6631,Cardiology,Oncology,2
6632,Orthopedics,Pediatrics,26
6633,Cardiology,Cardiology,2
6634,Oncology,Oncology,31
6635,Neurology,Neurology,14
6636,Oncology,Pediatrics,37
6637,Neurology,Pediatrics,9
6638,Neurology,Orthopedics,8
6639,Orthopedics,Orthopedics,32
6640,Pediatrics,Orthopedics,18
6641,Neurology,Neurology,32
6642,Neurology,Orthopedics,25
6643,General,Pediatrics,25
6644,Neurology,Neurology,39
6645,Pediatrics,Cardiology,21
6646,Pediatrics,General,12
6647,Orthopedics,Oncology,28
6648,Cardiology,Cardiology,22
6649,Cardiology,Cardiology,29
6650,Pediatrics,Pediatrics,36
6651,Cardiology,Orthopedics,13
6652,Oncology,Oncology,12
6653,Orthopedics,Oncology,13
6654,General,Oncology,17
6655,Cardiology,Orthopedics,23
6656,Oncology,Orthopedics,5
6657,Pediatrics,Oncology,27
6658,Neurology,Pediatrics,39
6659,Pediatrics,Oncology,37
6660,Cardiology,Orthopedics,39
6661,Orthopedics,Pediatrics,2
6662,General,Cardiology,35
6663,Pediatrics,Cardiology,14
6664,Oncology,Cardiology,34
6665,General,Orthopedics,36
6666,Pediatrics,Oncology,25
6667,Neurology,Pediatrics,20
6668,Orthopedics,Orthopedics,30
6669,Neurology,Cardiology,19
6670,Neurology,General,22
6671,Pediatrics,Oncology,37
6672,General,Orthopedics,37
6673,Pediatrics,Oncology,27
6674,General,Neurology,20
6675,Pediatrics,Oncology,28
6676,Oncology,Pediatrics,16
6677,Cardiology,Neurology,3
6678,Orthopedics,General,28
6679,Oncology,Neurology,21
6680,Orthopedics,General,12
6681,Oncology,Orthopedics,13
6682,Neurology,Pediatrics,15
6683,Orthopedics,Oncology,8
6684,Oncology,Cardiology,23
6685,Neurology,General,30
6686,General,Oncology,38
6687,Oncology,Neurology,23
6688,Cardiology,Pediatrics,14
6689,Oncology,Neurology,34
6690,Oncology,Orthopedics,1
6691,Orthopedics,Pediatrics,13
6692,Cardiology,Neurology,36
6693,Cardiology,Pediatrics,28
6694,Cardiology,Oncology,9
6695,Orthopedics,Pediatrics,29
6696,General,Neurology,27
6697,General,Neurology,8
6698,Neurology,Orthopedics,30
6699,Orthopedics,Neurology,8
6700,Neurology,Orthopedics,21
6701,Orthopedics,Oncology,20
6702,Neurology,Orthopedics,14
6703,Orthopedics,Orthopedics,22
6704,Orthopedics,Oncology,30
6705,Neurology,General,22
6706,Orthopedics,Pediatrics,33
6707,Neurology,Oncology,15
6708,Neurology,General,18
6709,Cardiology,General,38
6710,General,Oncology,10
6711,Pediatrics,Neurology,22
6712,Pediatrics,Cardiology,23
6713,Neurology,Cardiology,16
6714,Neurology,Cardiology,22
6715,Orthopedics,Oncology,37
6716,Cardiology,Pediatrics,17
6717,Orthopedics,Neurology,9
6718,General,Orthopedics,16
6719,Neurology,Oncology,24
6720,Neurology,Oncology,18
6721,General,Cardiology,18
6722,Oncology,Neurology,39
6723,Orthopedics,Oncology,34
6724,Pediatrics,Pediatrics,10
6725,Oncology,General,27
6726,Oncology,Neurology,11
6727,Pediatrics,Orthopedics,13
6728,General,Orthopedics,27
6729,General,Oncology,19
6730,Pediatrics,Neurology,7
6731,Oncology,Cardiology,29
6732,General,General,38
6733,Pediatrics,General,6
6734,General,Pediatrics,13
6735,Pediatrics,Orthopedics,1
6736,Neurology,Oncology,28
6737,General,Neurology,34
6738,Cardiology,Cardiology,27
6739,Pediatrics,Pediatrics,29
6740,Neurology,General,22
6741,General,Neurology,17
6742,General,Neurology,11
6743,Neurology,Neurology,28
6744,Pediatrics,Oncology,22
6745,Oncology,Oncology,22
6746,Neurology,Oncology,2
6747,General,Cardiology,22
6748,Orthopedics,Cardiology,26
6749,Pediatrics,Cardiology,13
6750,General,Orthopedics,39
6751,Orthopedics,General,22
6752,Pediatrics,General,8
6753,Orthopedics,General,21
6754,Orthopedics,Neurology,13
6755,Oncology,Neurology,7
6756,General,Pediatrics,34
6757,General,Pediatrics,3
6758,Oncology,Neurology,36
6759,Orthopedics,Oncology,26
6760,Pediatrics,Cardiology,33
6761,Pediatrics,Orthopedics,30
6762,Cardiology,Cardiology,24
6763,Orthopedics,Neurology,29
6764,Oncology,Neurology,24
6765,Orthopedics,Cardiology,11
6766,Pediatrics,Pediatrics,30
6767,Oncology,Orthopedics,26
6768,Orthopedics,Orthopedics,25
6769,Cardiology,General,4
6770,Cardiology,Orthopedics,29
6771,Neurology,Oncology,9
6772,Neurology,Neurology,15
6773,Oncology,Neurology,20
6774,Pediatrics,General,10
6775,Pediatrics,Pediatrics,26
6776,Neurology,Neurology,17
6777,Cardiology,General,14
6778,Cardiology,Neurology,9
6779,Neurology,Neurology,19
6780,Orthopedics,General,2
6781,Pediatrics,Pediatrics,4
6782,Cardiology,Orthopedics,30
6783,General,Pediatrics,6
6784,Cardiology,Neurology,13
6785,Neurology,Neurology,36
6786,Pediatrics,Oncology,28
6787,Neurology,Pediatrics,6
6788,Pediatrics,Cardiology,21
6789,Neurology,General,13
6790,Oncology,Orthopedics,30
6791,General,Pediatrics,35
6792,Cardiology,Pediatrics,13
6793,Neurology,General,27
6794,Orthopedics,Oncology,4
6795,Neurology,Neurology,29
6796,Cardiology,Pediatrics,11
6797,Cardiology,Orthopedics,15
6798,General,Neurology,5
6799,Neurology,Orthopedics,37
6800,Pediatrics,Neurology,22
6801,Oncology,Cardiology,4
6802,Orthopedics,General,26
6803,Orthopedics,Cardiology,22
6804,Pediatrics,Orthopedics,35
6805,Pediatrics,General,15
6806,General,Oncology,4
6807,Orthopedics,Orthopedics,13
6808,Orthopedics,Orthopedics,3
6809,General,Pediatrics,2
6810,Pediatrics,Neurology,36
6811,Neurology,General,1
6812,Pediatrics,General,4
6813,Oncology,General,2
6814,General,Pediatrics,29
6815,Orthopedics,General,24
6816,Pediatrics,Orthopedics,2
6817,Oncology,General,21
6818,Oncology,Pediatrics,17
6819,Pediatrics,Neurology,30
6820,Cardiology,Cardiology,21
6821,Cardiology,Cardiology,36
6822,Neurology,Cardiology,7
6823,Oncology,Pediatrics,10
6824,General,Cardiology,35
6825,Orthopedics,General,27
6826,Orthopedics,Orthopedics,15
6827,Cardiology,Cardiology,35
6828,Orthopedics,General,24
6829,Oncology,Pediatrics,11
6830,General,General,16
6831,Orthopedics,Cardiology,15
6832,Cardiology,General,3
6833,General,Oncology,24
6834,Pediatrics,Oncology,10
6835,General,Cardiology,32
6836,Neurology,Cardiology,36
6837,General,General,4
6838,Pediatrics,Pediatrics,8
6839,General,Orthopedics,4
6840,Orthopedics,Orthopedics,33
6841,General,Neurology,24
6842,Orthopedics,Cardiology,7
6843,Oncology,Neurology,35
6844,General,General,1
6845,Orthopedics,Neurology,20
6846,Cardiology,Orthopedics,32
6847,General,Cardiology,9
6848,Cardiology,Oncology,38
6849,General,General,4
6850,Cardiology,Cardiology,24
6851,Neurology,Oncology,17
6852,Oncology,Pediatrics,30
6853,General,Cardiology,18
6854,Pediatrics,Neurology,20
6855,Cardiology,Cardiology,31
6856,Orthopedics,Orthopedics,11
6857,Cardiology,Oncology,31
6858,Neurology,General,39
6859,Orthopedics,Cardiology,33
6860,General,Cardiology,27
6861,Orthopedics,General,15
6862,Cardiology,Oncology,21
6863,Oncology,Cardiology,24
6864,Pediatrics,Neurology,15
6865,Pediatrics,Cardiology,17
6866,Orthopedics,Orthopedics,17
6867,Oncology,Orthopedics,20
6868,Cardiology,Pediatrics,7
6869,Oncology,Neurology,32
6870,Neurology,General,8
6871,General,Orthopedics,6
6872,Cardiology,Orthopedics,17
6873,General,Orthopedics,5
6874,Pediatrics,Pediatrics,12
6875,General,Pediatrics,6
6876,Neurology,Orthopedics,26
6877,Neurology,Oncology,1
6878,Cardiology,Pediatrics,30
6879,General,Neurology,35
6880,Cardiology,Orthopedics,37
6881,Orthopedics,General,28
6882,General,Orthopedics,35
6883,Oncology,Orthopedics,26
6884,Orthopedics,Orthopedics,38
6885,Neurology,Cardiology,30
6886,Oncology,Oncology,23
6887,Neurology,Orthopedics,18
6888,Pediatrics,Cardiology,8
6889,Pediatrics,Cardiology,3
6890,Cardiology,Neurology,19
6891,Pediatrics,General,17
6892,Neurology,Neurology,18
6893,General,Cardiology,27
6894,Orthopedics,Orthopedics,3
6895,General,Pediatrics,37
6896,Pediatrics,Orthopedics,12
6897,Pediatrics,General,4
6898,Cardiology,Pediatrics,39
6899,General,Pediatrics,30
6900,Pediatrics,Oncology,23
6901,Oncology,Neurology,14
6902,Orthopedics,Pediatrics,29
6903,Orthopedics,Oncology,18
6904,Neurology,Pediatrics,25
6905,Oncology,General,28
6906,Orthopedics,Cardiology,25
6907,Oncology,Neurology,4
6908,General,Neurology,38
6909,Pediatrics,Oncology,1
6910,Orthopedics,Orthopedics,5
6911,General,Pediatrics,5
6912,General,Pediatrics,37
6913,Cardiology,General,38
6914,Pediatrics,Pediatrics,24
6915,Pediatrics,Oncology,11
6916,Cardiology,Pediatrics,36
6917,Cardiology,General,7
6918,Cardiology,Pediatrics,9
6919,General,Pediatrics,2
6920,General,Orthopedics,34
6921,Neurology,General,37
6922,Cardiology,Pediatrics,18
6923,Cardiology,Cardiology,23
6924,General,Pediatrics,31
6925,Neurology,Neurology,21
6926,Cardiology,Orthopedics,15
6927,Cardiology,General,38
6928,Neurology,Orthopedics,8
6929,Neurology,Oncology,39
6930,Neurology,General,29
6931,Neurology,Oncology,26
6932,Oncology,Neurology,24
6933,Orthopedics,Orthopedics,32
6934,Pediatrics,Orthopedics,26
6935,Pediatrics,Oncology,29
6936,Neurology,Oncology,28
6937,Cardiology,Orthopedics,8
6938,Pediatrics,General,28
6939,Orthopedics,Cardiology,30
6940,Orthopedics,General,3
6941,Pediatrics,Neurology,10
6942,Oncology,Oncology,18
6943,Cardiology,Neurology,23
6944,Orthopedics,General,9
6945,General,Cardiology,13
6946,Oncology,General,27
6947,Orthopedics,Cardiology,34
6948,Oncology,Pediatrics,20
6949,Cardiology,Neurology,21
6950,Neurology,Cardiology,20
6951,Cardiology,Pediatrics,24
6952,General,Neurology,16
6953,Cardiology,Pediatrics,36
6954,General,General,22
6955,Neurology,Neurology,34
6956,Pediatrics,General,32
6957,Cardiology,Pediatrics,14
6958,Pediatrics,Cardiology,15
6959,Cardiology,Cardiology,31
6960,Orthopedics,Cardiology,5
6961,Cardiology,Orthopedics,18
6962,Orthopedics,Orthopedics,11
6963,Cardiology,General,9
6964,Oncology,Cardiology,21
6965,Neurology,Orthopedics,22
6966,Cardiology,Pediatrics,6
6967,Neurology,Pediatrics,20
6968,Cardiology,Orthopedics,37
6969,Pediatrics,Pediatrics,3
6970,General,Neurology,8
6971,Neurology,General,28
6972,Neurology,Orthopedics,33
6973,Neurology,Neurology,9
6974,Oncology,Oncology,15
6975,Cardiology,Pediatrics,21
6976,General,General,14
6977,Orthopedics,Oncology,39
6978,Orthopedics,Orthopedics,27
6979,General,General,7
6980,General,Pediatrics,16
6981,General,Neurology,10
6982,Orthopedics,Pediatrics,5
6983,Cardiology,Neurology,13
6984,Orthopedics,Orthopedics,23
6985,General,Oncology,31
6986,Orthopedics,Neurology,37
6987,Cardiology,Cardiology,7
6988,Cardiology,Oncology,37
6989,Cardiology,General,2
6990,Oncology,Neurology,5
6991,Cardiology,Oncology,32
6992,Oncology,Oncology,37
6993,Cardiology,Oncology,8
6994,Pediatrics,General,2
6995,Orthopedics,General,31
6996,Oncology,Pediatrics,5
6997,Cardiology,Neurology,7
6998,General,Oncology,4
6999,Orthopedics,Neurology,22
